remoteId,published,modified,Titolo,"Descrizione breve",Descrizione,Audioguida,"Tipologia di luogo",lat,lon,address,Immagine,Comune,Tags,Fonte,Indirizzo,"Indirizzo web",Email,Telefono,"Galleria immagini"
bc09580111045f1acd6a8580840616d8,2015-12-07T10:26:19+01:00,2015-12-07T10:26:19+01:00,"Scuola media di Tuenno","La scuola media fa parte dell'istituto comprensivo di Tuenno",,,"Scuola (media o secondaria)",0,0,,,,,,"Via Vincenzo Maistrelli 11 - 38019 Tuenno (Tn)",,,"0463 451531 0463 451726",
00f94f250c2d5033eda3f4026707a571,2015-12-07T10:27:55+01:00,2016-07-22T08:14:18+02:00,"Scuola dell'Infanzia, Rallo","Scuola dell'infazia il nuovo Germoglio, Rallo",,,"Scuola infanzia",46.340095,11.04553,"bar berti, SP10, Ville d&#039;Anaunia, Provincia autonoma di Trento, Trentino-Alto Adige, 38019, Italia",,,,,"Via F.Lli Pinamonti-Rallo 17 - 38010 Tassullo (Tn)",,,"0463 451568 - 0463 459581",
76bd5e5020d851ae0565515d56b9145d,2015-12-07T10:29:18+01:00,2015-12-07T10:29:18+01:00,"Scuola elementare di Tassullo","Scuola elementare di Tassullo",,,"Scuola elementare",0,0,,,,,,"Via Carlo Antonio Pilati 6 - 38010 Tassullo (Tn)",,,"0463 451707",
48f509712f118d20a48435dd00fba250,2015-12-07T10:32:43+01:00,2016-05-25T16:03:08+02:00,"Chiesa di S. Biagio","La Chiesa di S. Biagio è stata costruita negli anni 50 nel centro del paese. All’interno è possibile ammirare una pregevole e discussa Via Crucis; annesso il campanile storico.","L'antica chiesa parrocchiale di San Biagio di Nanno, documentata con certezza dal XIII secolo ma probabilmente più antica, subisce alcuni importanti interventi architettonici nel XVII secolo. L'unica testimonianza dell'antico edificio è la torre campanaria: tra 1949 e 1952 la chiesa viene infatti completamente riedificata, su progetto dell'architetto Carlo Keller. La facciata, a spioventi, presenta una divisione in tre porzioni, con due alti paramenti in conci lapidei a vista ai lati, e la parte centrale, arretrata, recante al centro un portale lapideo architravato, sovrastato da alcune formelle a rilievo, da un imponente oculo e da un'iscrizione in lettere a rilievo. Le pareti che connettono la parte centrale della facciata con quelle laterali recano ampie vetrate verticali composte da dodici finestre rettangolari e un ingresso laterale dotato di portale lapideo. Entrambe le fiancate presentano una successione ritmica di nove contrafforti alternate a cinque strette finestre a tutto sesto. Tra l’ottavo ed il nono contrafforte sono presenti tre ampie finestre a tutto sesto; nel fianco destro questa porzione è emergente e corrisponde ai locali di sacrestia. Sul fianco destro è presente un ingresso laterale con portale lapideo. Il prospetto absidale rivela la presenza di due setti murari a delimitare il fondo della navata richiamanti quelli in facciata; l’abside è illuminata da due ampie vetrate verticali. Il campanile, posto a pochi metri dall’estremo destro della facciata, presenta un fusto quadrangolare dotato di uno zoccolo lungo tutti i prospetti. A metà dell’alzato è presente una cornice marcapiano; il prospetto orientale reca un quadrante. Una seconda cornice introduce alla cella campanaria, aperta sui quattro lati da una monofora a sesto acuto dotata di cornice lapidea. La piattaforma sommitale reca doccioni zoomorfi agli angoli e frontoni ribassati coronati da sfera, sui quali si innesta la ripida cuspide a piramide ottagonale coronata da sfera e croce apicale. L'interno presenta una navata unica, la cui corsia centrale è coperta da un elemento in gesso che percorre la navata dalla controfacciata al presbiterio. Presso l’ingresso, a sinistra, v'è una nicchia ospitante il fonte battesimale; presso la parete laterale destra è presente un ingresso laterale. Al fondo della navata sono posti due setti murari a imitazione dei tradizionali piedritti dell’arco santo; una scalinata conduce al presbiterio, coperto da un soffitto piano in gesso ornato da trama a rilievo e dotato di un accesso alla sacrestia presso il lato destro ed uno a locali di servizio a sinistra. L'abside semicircolare è voltata tramite un catino absidale.",,Chiesa,46.314628,11.04906,"Piazza San Biagio 38010 Nanno, Ville d&#039;Anaunia",/var/villedanaunia/storage/images/territorio/cosa-visitare/a-nanno/chiesa-di-s.-biagio/20541-5-ita-IT/Chiesa-di-S.-Biagio.jpg,,,,,,,,
6d4e2ed8b1d1ba25b60f9a0e4294a04d,2015-12-07T10:33:24+01:00,2016-05-25T16:17:09+02:00,"Chiesa di S. Fabiano e Sebastiano","
La Chiesa di S. Fabiano e Sebastiano è stata costruita nel XIII^ sec. come voto dalla gente del paese protetta dalle pestilenze.Si trova a mezza strada tra Nanno e Tuenno.","La chiesa di San Fabiano e San Sebastiano, anche detta &quot;in agro&quot; per la sua posizione isolata rispetto all'abitato di Nanno, è ricordata a partire dall'atto di consacrazione dell'altare maggiore del 1518; nella prima metà del XVII secolo acquisisce le forme attuali. A metà secolo XIX viene sospesa dal culto, per essere poi nuovamente officiata alla fine dello stesso secolo. La facciata a spioventi reca, in posizione centrale, un portale lapideo architravato, affiancato da una finestra quadrangolare inferriata e strombata per lato. Al di sotto del punto d'incontro delle falde di copertura è situata una monofora a sommo mistilineo, ai cui fianchi è murato un concio lapideo per lato. Le fiancate presentano alcune chiavi metalliche di sostegno; la fiancata sinistra non reca aperture, quella destra è aperta da una finestra rettangolare inferriata presso la navata e presso il presbiterio. I prospetti rivelano le dimensioni minori del corpo del presbiterio rispetto a quello della navata. L'interno presenta una navata unica coperta da una volta a botte, scandita in due campate da una coppia di pilastri semi addossati alle pareti laterali, dai quali si dipartono due unghie per campata. L'arco santo a sesto ribassato, sostenuto da pilastri semi addossati alle pareti, introduce all'ambiente, elevato da un gradino, del presbiterio, illuminato da una finestra presso la parete laterale destra e coperto da una volta a botte unghiata. È presente parte di un impianto decorativo ad affresco presso la parete laterale sinistra della seconda campata e a lato dei piedritti dell'arco santo.",,Chiesa,46.318939,11.039586,"Strada Provinciale 10 38010 Nanno, Ville d&#039;Anaunia",/var/villedanaunia/storage/images/territorio/cosa-visitare/a-nanno/chiesa-di-s.-fabiano-e-sebastiano/20555-2-ita-IT/Chiesa-di-S.-Fabiano-e-Sebastiano.jpg,,,,,,,,
c8350461a566151c6e13957cb3079ad7,2015-12-07T10:34:10+01:00,2016-05-25T16:27:27+02:00,"Chiesa di S. Tommaso","La Chiesa di S. Tommaso è stata costruita nel 1820 a Portolo","La facciata, a ripidi spioventi, presenta un alzato tripartito in orizzontale ed in verticale da alcune fasce aggettanti intonacate. In posizione centrale, in basso, è collocato il portale lapideo architravato di ingresso. Al di sopra di questo, al centro della facciata, si apre una finestra a profilo mistilineo. Al di sotto dell'incontro delle falde di copertura, l'alzato è aperto da una monofora a tutto sesto. Uno zoccolo ad intonaco rustico corre lungo la facciata ed i prospetti laterali. La fiancata destra presenta una finestra a profilo mistilineo aperta sulla navata, così come la fiancata sinistra; questa è caratterizzata dalla presenza dei corpi congiunti della sacrestia e del locale caldaia, aderenti alla fiancata tra la navata ed il presbiterio. Il prospetto absidale rivela il profilo poligonale dell'abside. Il semplice campanile a torretta emerge dalla copertura della sacrestia; presenta un fusto quadrangolare in legno, aperto sui prospetti settentrionale e meridionale da una monofora a sesto ribassato e coperto da una cuspide piramidale in lamiera metallica, coronata da sfera e croce apicale. L'interno presenta una navata unica, anticipata da un atrio coperto da una volta a botte, la cui linea d'imposta è marcata da una cornice modanata che si snoda lungo tutte le pareti interne. La navata è scandita in due campate, una maggiore, coperta da una volta a vela a base rettangolare sostenuta da pilastri semi addossati alle pareti laterali, ed una minore, coperta da una breve volta a botte, aperta presso la parete laterale sinistra dall'accesso ai locali di sacrestia e caldaia. L'arco santo a tutto sesto introduce all'ambiente del presbiterio, elevato da un gradino e dotato di un rivestimento in pietra calcarea rossa presso le pareti laterali. L'intradosso delle arcate, i lati dei pilastri e la cornice d'imposta presentano specchiature e fasce monocrome. L'arco santo reca un'iscrizione con la dedicazione della chiesa.",,Chiesa,46.302359,11.060362,"Via di San Tommaso 38010 Portolo, Ville d&#039;Anaunia",/var/villedanaunia/storage/images/territorio/cosa-visitare/a-nanno/chiesa-di-s.-tommaso/20569-3-ita-IT/Chiesa-di-S.-Tommaso.jpg,,,,,,,,
641bcd9d9851c62aefd0053293c4a622,2015-12-02T11:06:44+01:00,2016-05-26T09:00:14+02:00,"Farmacia di Tuenno","La Farmacia più vicina si trova nel Comune di Tuenno",,,Farmacia,46.330277,11.024144,,,,,,"Via E. Leonardi, 29 38019 Tuenno",,,"0463 450333",
efb841a1a9b6c7908c623046f4e2e250,2015-12-02T11:11:31+01:00,2015-12-07T10:22:35+01:00,"Scuola elementare di Tuenno","La scuola elementare fa parte dell'istituto comprensivo di Tuenno ",,,"Scuola elementare",0,0,,,,,,"Via Vincenzo Maistrelli 11 - 38019 Tuenno (Tn)",,,"0463 451531 0463 451726",
7ad5e86879ca4c1956fc8f909102ffc6,2015-12-02T11:29:19+01:00,2016-05-26T08:29:34+02:00,"Malga Tassulla","
In fondo alla valle, a chiudere le varie cime che fanno da corona, si erge il Sasso Rosso. Il pascolo della Malga Tassulla è completamente aperto e privo di bosco, nel periodo dell’inizio alpeggio è un’unica aiuola di fiori dai mille colori e forme. La gestione è affidata ad una società cooperativa formata da allevatori.La malga è composta di tre edifici: lo stallone per la mungitura e la stabulazione in caso di forte intemperie, i ricoveri dei pastori con annesso caseificio ed un edificio dato in comodato all’Ente Parco Adamello-Brenta che da porcilaia e deposito lo ha trasformato in ricovero e punto d’appoggio per il proprio personale. Un altro locale della casera ospita un bivacco gestito dalla Sat di Rallo intitolato a Guido Pinamonti.","
Come arrivare:
Malga Tassulla è situata ai piedi del Monte Péller nella parte più orientale del Gruppo del Brenta e sovrasta la Val di Tóvel.La malga si raggiunge da Clés, il centro più importante della Val di Non, seguendo le indicazioni per la loc. Bersaglio, quindi si prosegue con una lunga strada bianca fin sotto il Monte Pèller raggiungendo un bivio, a q. 1.869, presso il piccolo Lago Durigal. Si continua a sinistra arrivando, dopo non molto, ad uno slargo utilizzato come parcheggio (quota m 1.915 circa); da qui in avanti il transito delle auto è vietato.Altitudine: 2090 mtProprietà: Comune di TassulloGestione e Casaro: Salvatore ParolettiAnimali presenti: vacche, manze, cavalli, capre, pecorePeriodo alpeggio: 19 giugno - 15 settembreVendita diretta in malga: SIProdotti: formaggio di mucca e capra, burro e ricottaRistorazione: NOPernottamento: NOBivacco: 8 posti lettoPartenza escursioni: Cles, Loc. Bersaglio (a piedi: dislivello: +180m/ -5m, tempo: 1.00 h, difficoltà: Itinerario Turistico)Fondo stradale: sterrato, necessità di autorizzazione",,Malga,46.309048,10.941991,"Tassullo, Ville d&#039;Anaunia",/var/villedanaunia/storage/images/territorio/cosa-visitare/a-tassullo/malga-tassulla/19480-5-ita-IT/Malga-Tassulla.jpg,,,,,,,,
2ea58c0667ceb09b9e276c6e3d008233,2015-12-02T11:32:55+01:00,2016-05-25T15:51:33+02:00,"Castello di Nanno","Il castello di Nanno risale al XII^ secolo","
Il Castello di Nanno sorge nel piccolo paese omonimo, uno dei più antichi della Val di Non. Di origine medievale fu fatto ricostruire durante il Cinquecento, assumendo l’aspetto attuale di edificio in stile rinascimentale. Oggi visitabile solo all’esterno, in quanto residenza privata, Castel Nanno è il protagonista di sconvolgenti leggende che narrano di streghe e infelici amori. 
Castel Nanno è forse la costruzione più &quot;italica&quot; del Trentino, al punto che la leggenda vuole quale suo ideatore Andrea Palladio. La parte più antica dell’intera struttura voluta dalla famiglia Nanno, la torre diroccata sul lato nord-est, risale all’epoca medioevale. 
Alla metà del Cinquecento la famiglia Madruzzo modifica radicalmente l’originario aspetto di fortilizio di Castel Nanno, trasformandolo in una residenza estiva rinascimentale a base quadrata, col mastio centrale e quattro torrette agli angoli del muro di cinta. 
Gli interni sono costituiti da sale affrescate con soffitti in legno e una scalinata di pietra, con parapetto a colonnine, unisce i diversi piani dell’edificio. 
La leggenda legata a Castel Nanno racconta della tragica storia d’amore tra Melisenda e Ludovico: lei era la figlia dei Nanno, signori del maniero, e lui il figlio degli Sporo, famiglie tra loro nemiche. Quando i due amanti furono scoperti, il padre di Melisenda ordinò che venissero murati vivi nel castello. Così, da allora, si dice che durante le notti di maggio Melisenda e Ludovico facciano riecheggiare ancora i loro disperati lamenti. 
Non solo: all’interno di Castel Nanno nel Seicento si svolse anche un processo per stregoneria, che si concluse con la condanna al rogo di tre giovani donne. A testimonianza di questo episodio vi è una pietra con incise tre croci in una delle stanze al pianterreno. Essendo di proprietà privata rimane chiuso al pubblico.",,Castello,46.316096,11.046516,"Via al Castello 38010 Nanno, Ville d&#039;Anaunia",/var/villedanaunia/storage/images/territorio/cosa-visitare/a-nanno/castello-di-nanno/19507-4-ita-IT/Castello-di-Nanno.jpg,,,,,,,,
dd632f88047749fa283c9110e15ceef7,2016-05-26T08:36:31+02:00,2016-07-21T21:23:18+02:00,"Lago di Tovel","Il più grande tra tutti i laghi naturali del Trentino nel Parco Adamello Brenta","Il lago di Tovel entusiasmò gli ammiratori locali e stranieri per le sue acque che si coloravano di rosso vivo in ogni estate, finché il fenomeno non cessò nel 1964. Secondo una leggenda locale anticamente viveva nella zona la principessa Tresenga, figlia dell'ultimo re di Ragoli: essa veniva chiesta in moglie da molti pretendenti, ma ella li rifiutò tutti. Uno di loro, Lavinto re di Tuenno, non si rassegnò e quando le sue offerte vennero respinte per l'ennesima volta mandò un esercito contro Ragoli nel tentativo di indurre Tresenga a più miti consigli. Il caso volle che né lei, né il suo popolo, volessero essere sottomessi dall'arrogante re di Tuenno e, pur inferiori in forza e numero, risposero all'attacco; la principessa stessa non si tirò indietro e marciò alla testa della sua gente. La battaglia ebbe luogo sulle rive del lago e vide i paesani di Ragoli soccombere sotto i colpi dei soldati di Tuenno. Tresenga alla fine trovò la morte per mano di Lavinto, che la uccise con un colpo di spada. Alla fine della giornata il lago era rosso per il sangue dei morti e si dice che sia per questo che ancora oggi si colora, per ricordare il coraggio degli abitanti di Ragoli e della loro principessa che ancora oggi, la notte, si siede sulle rive del lago a piangere per la sorte della sua gente.
Adesso le sue acque sono diventate più rasserenanti con un piacevole e intenso colore verde nitido e rilassante.La valle copiosa di larici e abeti bianchi e rossi dal legno duro e incorruttibile, animò il &quot;cantier&quot; di lavorazione delle migliaia di traversine per la strada ferrata in costruzione lungo l'asse dell'Adige, nel secolo scorso; e già un secolo prima quel legname era stato apprezzato e richiesto per la ricostruzione del ponte in legno di S.Lorenzo a Trento, distrutto dal bombardamento operato dalle truppe francesi del generale Vendome. Tre di quelle conifere adornano lo stemma di Tuenno dal 1874 per illustrare l 'importanza della selva di Tovel. Ora la val di Tovel, oltre a richiamare il turismo estivo, è base per escursioni nella zona del lago, delle Dolomiti di Brenta e del Parco Naturale Adamello-Brenta.",,Lago,46.259945,10.941525,"Valle di Tovel 38019 Tuenno, Ville d&#039;Anaunia",/var/villedanaunia/storage/images/vivere-nelle-ville/scopriamo-le-ville/natura/lago-di-tovel/39251-1-ita-IT/Lago-di-Tovel.jpg,,,,,,,,
09e15b93233a35db6fb18862b8515480,2016-07-19T17:13:04+02:00,2016-07-22T09:11:07+02:00,"Val Nana","L’alpeggio della Val Nana rappresenta uno dei luoghi più spettacolari del monte Peller. Si trova fra i 2.100 e i 2.400 metri di quota. ","Questa località è nota per il paesaggio incantevole e per le sue particolarità geologiche: si tratta infatti di un enorme altopiano che risale a ghiacciai scomparsi 12mila anni fa. Il pian della Nana è stato per anni l’ideale &quot;palestra&quot; per l’osservazione di fenomeni geologici, altrove non apprezzabili con la stessa chiarezzaLa Val Nana si raggiunge a piedi, in due ore e mezzo, seguendo il sentiero che parte dal posteggio nei pressi del rifugio Peller. Lungo la strada si nota la chiesetta Madonna delle Nevi, e si arriva alla malga di Cles o Clesera. Poco oltre si segue il sentiero che sale fra larici e radure e si raggiunge il lago delle Salare. Dopo una sorgente si incrocia a quota 2.058 il sentiero che porta alla val Nana.Questo ampio anfiteatro naturale è delimitato da due dorsali. Ad ovest le cime di Sasso Rosso-Cima Nana-Cima Cesta-Monte Peller e ad est Cima Uomo-Cima Vallina-Castellazzo. La testata è chiusa a sud ovest dalla cima del Sasso Rosso, alta 2645 metri.Clicca QUI   per saperne di più.",,,0,0,,/var/villedanaunia/storage/images/vivere-nelle-ville/scopriamo-le-ville/natura/val-nana/44320-2-ita-IT/Val-Nana.jpg,,,,,,,,
1ddbcc01ae6479f40213e529aa4ae89d,2016-07-19T17:13:33+02:00,2016-07-22T09:11:41+02:00,"Diga e Forra del Noce","Una profonda gola scavata dalle acque del torrente Noce. Grazie alle sue ripide pareti rocciose, la forra di Santa Giustina ha mantenuto tratti di vegetazione di grande valore naturalistico. Il biotopo si configura come una sorta di “isola naturale” al centro di una vasta distesa di meleti, che caratterizza la Val di Non.","Nonostante l’aspetto apparentemente selvaggio, il territorio è stato oggetto di importanti modificazioni ad opera dell’uomo. La più evidente è certamente rappresentata dallo sbarramento della forra con una diga, che ha creato un grande bacino artificiale a scopo idroelettrico: il lago di Santa Giustina. Un’opera faraonica, alta 152 metri, che ha formato il più vasto invaso artificiale del Trentino, capace di contenere 172 milioni di metri cubi d'acqua. L’area era oggetto di frequentazione regolare da parte dell’uomo ben prima della costruzione della diga.In corrispondenza di un vasto riparo sottoroccia scavato anticamente dal corso del Noce, sono infatti visibili e visitabili ancora oggi i resti dell’eremo di S. Giustina, risalente al VII secolo, che avrebbe ospitato eremiti fino al 1782.Clicca QUI   per il tour virtuale alla diga di Santa Giustina",,,0,0,,/var/villedanaunia/storage/images/vivere-nelle-ville/scopriamo-le-ville/natura/diga-e-forra-del-noce/44334-2-ita-IT/Diga-e-Forra-del-Noce.jpg,,,http://www.prolocotassullo.it/index.php?option=com_content&view=article&id=13&Itemid=6,,,,,
a7647e71dcd5f96372069689003c581b,2017-04-18T17:48:33+02:00,2017-04-18T19:15:09+02:00,"Chiesa di Santa Emerenziana","La chiesa di Santa Emerenziana, posizionata all'imbocco della Val di Tovel.","InformazioniRivolgersi in parrocchia a Cles per le chiavi della chiesa.Sante Messe: 23 gennaio ore 14.Testo dell'audioguidaRumore di chiavi. La porta si apre cigolando.
(Bambino) Attento al gradino!La chiesa è composta da un'unica navata con volta a crociera, attraversata da numerose modanature, arredata con 17 banchi, 10 in noce provenienti dalla chiesa di S. Orsola, fatti nel 1786, e 7 in abete provenienti, come l'altare di fronte a te, dal vecchio oratorio di Tuenno.(Pellegrino) Non mi aspettavo che fosse così bella, dentro.
(Bambino) Alla tua sinistra, nell'incavo della finestra, puoi vedere un portaofferte in pietra con chiavistello, e sopra di esso un frammento di affresco ritraente lo stemma della famiglia nobiliare Cazzuffo, rappresentato da uno scudo con catena. Questa famiglia si era messa a capo della rivolta contro i castellani di Tuenno. Dall'altro lato puoi vedere una splendida acquasantiera in pietra. L'abside, la parte più antica della chiesa, ospita l'altare maggiore, di stile barocco e in legno dorato. Al suo interno, in una nicchia, è custodita una statua lignea novecentesca di S. Emerenziana, che sostituisce la pala originaria, dipinta nel 1628 da Martin Teofilo Polacco, pittore di corte del cardinale Carlo Madruzzo, ora custodita nella chiesa di S. Orsola e compagne.
Ai lati dell'abside si trovano gli altri due altari, anch'essi in legno dorato, decorati da affreschi realizzati intorno al XVI secolo.Sulla sinistra è ritratto S. Giorgio a cavallo che trafigge il drago, mentre sulla destra troviamo S. Andrea e S. Fabiano. Lungo la stessa parete si possono vedere altri affreschi ritraenti il martirio di S. Sebastiano, la morte della Vergine e altre scene di vita dei santi.(Pellegrino) È tutto molto interessante, ma potresti raccontarmi la storia di S. Emerenziana e spiegarmi perché la chiesa a lei dedicata sorge proprio qui?(Bambino) Non sai proprio niente eh? … Vabbé! S. Emerenziana era una ragazza vissuta nel terzo secolo dopo Cristo; sembra che durante i funerali di S. Agnese un gruppo di pagani assalì i cristiani in preghiera. Emerenziana, invece di fuggire come gli altri, li apostrofò coraggiosamente, e quelli la lapidarono: come puoi notare infatti viene rappresentata con dei sassi ai piedi e la palma del martirio. Questo è anche il motivo per cui la chiesa si trova qui: infatti S. Emerenziana protegge dalla caduta dei massi le persone che entrano in Val di Tovel.Escono dalla chiesa, rumore di porta che si chiude.(Pellegrino) Grazie per la visita, è stata molto istruttiva, ora penso che mi fermerò qui ad ammirare i monti e il cielo, visto che è così terso.(Bambino) Io ora devo scappare, addio signore.(Pellegrino) Posso sapere almeno il tuo nome?(Bambino) Battista!
(Pellegrino) Ciao Battista!Interessanti questi gradini, sembrano delle lapidi, probabilmente anche qui sono stati sepolti i morti del colera. Mi sembra di riuscire a leggere anche un nome… 1843-1855, Battista Leonardi!",var/villedanaunia/storage/original/audio/ece97463549ba9d6fc178b4d8334b057.mp3|1.mp3,Chiesa,46.326224,11.009567,"Strada Provinciale 14 del Lago di Tovel, Ville d&#039;Anaunia, Comunit&agrave; della Val di Non, TN, Trentino-Alto Adige, 38019, Italia",/var/villedanaunia/storage/images/vivere-nelle-ville/scopriamo-le-ville/auduiguide/chiesa-di-santa-emerenziana/74850-8-ita-IT/Chiesa-di-Santa-Emerenziana.jpg,,,,,,,,"San Giorgio e il drago, affresco, sec. XVI
Dettaglio del portale, decorazioni floreali
Dettaglio del portale rosa, mano benedicente e croce"
5cb3df36072591aa039ac14858c6c7f7,2017-04-18T18:24:21+02:00,2017-04-18T18:24:21+02:00,Tresenga,,"
(Narratore) C'era una volta, in un tempo molto lontano, a capo di un grande regno, una ricchissima cittadina di nome Ragoli.Un giorno, l’ultimo re di Ragoli morì senza lasciare eredi maschi, ma solo una bellissima figlia dal nome Tresenga. Prima di esalare il suo ultimo respiro, chiamò al capezzale la figlia.(Padre) Figlia mia, io sto per morire e non voglio che il nostro regno diventi proprietà di un sovrano straniero e che la cittadina di Ragoli perda così ogni ricchezza e potere. Voglio che tu faccia in mia presenza e davanti a tutti i sudditi il giuramento che non ti sposerai mai, con qualsiasi sovrano, ma che sacrificherai la tua vita alla difesa e alla protezione del nostro regno.(Narratore) Tresenga, addolorata per la perdita del padre, giurò così.(Tresenga) Io, regina Tresenga, giuro davanti a Dio, alle spoglie di mio padre, il re, e a voi miei sudditi che non mi assoggetterò a nessun legame matrimoniale con un sovrano di qualsiasi altro regno, poiché ciò comporterebbe la perdita della proprietà del regno e di ogni ricchezza per questa nostra bella cittadina. Giuro che dedicherò tutta la mia vita a proteggere il regno di Ragoli!
(Narratore) E così i cittadini poterono tranquillizzarsi e ritornare alle loro diverse attività, sicuri sotto la protezione della regina Tresenga.
La regina era molto bella, oltre che ricca, e per questo ogni giovane principe dei territori confinanti non voleva perdere l’occasione di divenire sovrano del suo potente regno e, al tempo stesso, suo marito.Ma la regina Tresenga respingeva continuamente ogni pretendente, finché un giorno giunse a corte il giovane e arrogante re di Tuenno, Lavinio.(Lavinio) Mia bellissima regina, io, Lavinio, re di Tuenno, sono qui per chiedere la tua mano e per donarti per sempre il mio amore. Giuro, davanti a te e ai tuoi sudditi, di voler proteggere te e il tuo regno con il mio potente esercito.(Narratore) Per ben due volte re Lavinio cercò di conquistare il cuore della regina, prima esibendo tutto il suo potere con doni magnifici e poi cercando di intenerirla.(Lavinio) Mia adorata regina, dato che non hai gradito regali superbi, accetta questo semplice mazzo di fiori raccolti sulle sponde del lago di Tovel, segno del grande amore che nutro per te e diventa finalmente mia sposa!(Tresenga) Mi dispiace, mio caro re Lavinio, non posso accettare i tuoi doni. Io devo tenere fede alla promessa fatta a mio padre e ai miei sudditi e quindi non sposerò né te né altri sovrani.(Narratore) Il rifiuto della proposta di matrimonio fece arrabbiare talmente re Lavinio, orgoglioso e superbo, che, ritornato a Tuenno, radunò il suo popolo.(Lavinio) Sudditi di Tuenno, oggi il vostro re è stato rifiutato in malo modo come nuovo sovrano del regno di Ragoli e sposo della regina Tresenga. Questa infamia potrà essere cancellata solo con una guerra ed è per questo che io ordino la chiamata alle armi di tutto il popolo per lavare col sangue l'onta ricevuta. Domani all'alba marceremo su Ragoli e la distruggeremo per sempre!(Tuennesi) Sì, a morte i ragolesi!! Uccidiamoli tutti.(Narratore) E così la rabbia e il rancore guidarono re Lavinio e il suo esercito fino alle sponde del lago di Tovel. Informata dai suoi messaggeri della marcia punitiva di Lavinio, la regina Tresenga radunò sotto le mura del suo castello i sudditi di Ragoli.(Tresenga) Miei amati sudditi, re Lavinio sta marciando con il suo esercito contro di noi. Io ho rifiutato di essere sua sposa, ma ora chiedo a voi se preferite vedermi andare in sposa al re di Tuenno o combattere una battaglia che potrebbe costare non solo la mia vita, ma anche la vostra.(Sudditi) No, nostra regina, non andrai sposa a nessun sovrano, ma insieme combatteremo per difendere il nostro amato regno, perché così vogliamo e così voleva il nostro defunto re!
(Narratore) E così il popolo di Ragoli, con determinazione, si preparò a combattere a fianco dell'amata regina, deciso a versare anche l'ultima goccia di sangue pur di difendere il regno e la sua libertà.Armati e decisi a combattere i nemici di Tuenno, marciarono fino alle sponde del lago di Tovel.(Sudditi) Eccoci arrivati, nostra regina. Accampiamoci qui, sulle rive di questo lago, dove già ha trovato riposo anche l'esercito di re Lavinio, accampato per la notte sull'altra sponda.(Tresenga) Va bene, alzate le vostre tende e provate a riposare, perché domani sarà una giornata tremenda. Ci aspetta un duro combattimento e Dio non voglia che questa sia la nostra ultima notte!
(Narratore) Il mattino seguente fu l'inizio di una sanguinosa battaglia che durò diversi giorni, poiché l’esercito di Tuenno era molto forte e preparato militarmente.Nelle lunghe notti silenziose, la regina Tresenga, preoccupata per le sorti della guerra, camminava con il suo luogotenente in riva al lago di Tovel, preda di molte paure e dubbi.(Tresenga) È giusto far perire così tante persone per un giuramento? Sacrificare tante vite per la difesa di un regno, di un trono?(Luogotenente) Non è per il potere che combattiamo, ma per la nostra libertà! Non sempre ci è data la possibilità di scegliere!(Narratore) Quando invece la regina si coricava non riusciva a prendere sonno e si rigirava nel suo giaciglio preda di pensieri mortali e di fantasmi.(Voci) Non avere pietà di nessuno, o regina Tresenga! Combatti questa guerra e versa su queste rive il sangue dei tuoi nemici!!(Narratore) E un'altra voce l'assillava ogni attimo.(Voce) Figlia mia, tieni fede alla tua promessa, non tradire me e il tuo popolo!!(Narratore) Ma la battaglia, dopo alcuni giorni, volse al peggio per l'esercito di Ragoli e ogni soldato fu ucciso barbaramente. Prima dell'ultima battaglia la regina incalzò il suo esercito ormai stremato.(Tresenga) Non arrendetevi miei sudditi! Combattiamo fino all'ultimo respiro! Nessuno ci priverà della nostra libertà, nessuno si impadronirà del nostro regno, nessuno occuperà i nostri palazzi e le nostre case!(Narratore) Durante la battaglia, la regina Tresenga venne gravemente ferita e i suoi uomini provarono a portarla in salvo, ma lei li fermò. Piantò la sua spada sulla riva del lago.(Tresenga) Che questo luogo ricordi per sempre il sacrificio dei ragolesi morti per la libertà e che le acque di questo lago si colorino di rosso come monito per le future generazioni!
(Narratore) Pronunciate queste severe parole perì e così tutti i suoi uomini rimasti a difendere il corpo della loro amata regina.Re Lavinio aveva vinto la battaglia, ma la tristezza gli attanagliava il cuore.(Lavinio) Abbiamo vinto, ma il trionfo è costato troppe vite. Bruciate i corpi dei soldati tuennesi e ragolesi sulle pire, che almeno nella morte possano riposare insieme in pace. Io piangerò sul corpo della valorosa regina Tresenga.(Narratore) Ed estratta dalla terra la spada della regina la lanciò nelle profondità del lago, dove giace tuttora.",,"Luogo incantevole",46.320434,11.013756,"Strada Provinciale 73 Destra Anaunia, Cont&agrave;, Comunit&agrave; della Val di Non, TN, Trentino-Alto Adige, 38019, Italia",/var/villedanaunia/storage/images/vivere-nelle-ville/scopriamo-le-ville/auduiguide/tresenga/74893-1-ita-IT/Tresenga.jpg,,,,,,,,
047810e6999cf9356ab1735f5ef024e1,2017-04-18T18:26:43+02:00,2017-04-18T18:26:43+02:00,"Castel Nanno",,,,Castello,46.315576,11.043298,"Castel Nanno, SP10, Ville d&#039;Anaunia, Comunit&agrave; della Val di Non, TN, Trentino-Alto Adige, 38019, Italia",/var/villedanaunia/storage/images/vivere-nelle-ville/scopriamo-le-ville/auduiguide/castel-nanno/74908-1-ita-IT/Castel-Nanno.jpg,,,,,,,,
beedc6e44d5baf38c51642d93dfd033e,2017-04-18T18:30:43+02:00,2017-04-18T18:30:43+02:00,"Palazzo Pilati",,,,,46.336195,11.049907,"Ufficio Postale TASSULLO, SP10, Ville d&#039;Anaunia, Comunit&agrave; della Val di Non, TN, Trentino-Alto Adige, 38012, Italia",/var/villedanaunia/storage/images/vivere-nelle-ville/scopriamo-le-ville/auduiguide/palazzo-pilati/74923-1-ita-IT/Palazzo-Pilati.jpg,,,,,,,,
de761385b5aa7694bfaf38fb1d574633,2019-07-29T15:26:26+02:00,2021-06-14T15:27:01+02:00,"Parco naturale Adamello Brenta Geopark",,"Il Parco Naturale Adamello Brenta è la più vasta area protetta del Trentino, situato nel Trentino occidentale, con i suoi 620,51 kmq comprende i gruppi montuosi dell'Adamello e delle Dolomiti di Brenta, patrimonio UNESCO, separati dalla Val Rendena e compresi tra le valli di Non, di Sole, Giudicarie e l'Altopiano della Paganella. E' interessato dalla presenza di 48 laghi e dal ghiacciaio dell'Adamello, uno dei più estesi d'Europa.Clicca QUI per visitare il sito del Parcohttps://www.youtube.com/watch?reload=9&amp;v=u1ovl_FhWIc ",,"Parco naturale",0,0,,,,,,,,,,"logo parco"
